vehicle_id,route_order,NODE,실제 명칭,value,x_5186,y_5186,segment_distance_m,origin_label,terminal_role,total_score,skip_penalty
0,0,5,종로구,0,197957.3106,552571.6892,0,02_종로구,START,28.206461,65734818
0,1,4,강남구,8813,203845.5946,546015.1392,8813,28_강남구,,29.155613,63242263
0,2,8,성남시,23972,209472.627,531939.2443,15159,16_성남시,,27.157394,68489759
0,3,2,수원시,37584,202968.1437,519982.3305,13612,17_수원시,,37.701362,40800389
0,4,11,화성시,66076,177103.0344,508033.9899,28492,01_화성시,,21.452705,83470764
0,5,19,평택시,99921,206105.8058,490589.9565,33845,24_평택시,,16.115202,97487508
0,6,18,이천시,141899,239103.3481,516538.9656,41978,49_이천시,,16.362585,96837859
0,7,14,여주시,156957,254160.512,516437.414,15058,50_여주시,END,17.760209,93167577
